original_class,brand,new_group
1시리즈_F20_2013_2015,bmw,BMW
1시리즈_F20_2016_2019,bmw,BMW
1시리즈_F40_2020_2024,bmw,BMW
2시리즈_그란쿠페_F44_2020_2024,bmw,BMW
2시리즈_액티브_투어러_F45_2019_2021,bmw,BMW
2시리즈_액티브_투어러_U06_2022_2024,bmw,BMW
3시리즈_E90_2005_2012,bmw,BMW
3시리즈_F30_2013_2018,bmw,BMW
3시리즈_G20_2019_2022,bmw,BMW
3시리즈_G20_2023_2025,bmw,BMW
3시리즈_GT_F34_2014_2021,bmw,BMW
4시리즈_F32_2014_2020,bmw,BMW
4시리즈_G22_2021_2023,bmw,BMW
4시리즈_G22_2024_2025,bmw,BMW
5시리즈_F10_2010_2016,bmw,BMW
5시리즈_G30_2017_2023,bmw,BMW
5시리즈_G60_2024_2025,bmw,BMW
5시리즈_GT_F07_2010_2017,bmw,BMW
6시리즈_F12_2011_2018,bmw,BMW
6시리즈_GT_G32_2018_2020,bmw,BMW
6시리즈_GT_G32_2021_2024,bmw,BMW
7시리즈_F01_2009_2015,bmw,BMW
7시리즈_G11_2016_2018,bmw,BMW
7시리즈_G11_2019_2022,bmw,BMW
7시리즈_G70_2023_2025,bmw,BMW
8시리즈_G15_2020_2024,bmw,BMW
i4_2022_2024,bmw,BMW
iX_2022_2024,bmw,BMW
M2_F87_2016_2021,bmw,BMW
M4_F82_2015_2020,bmw,BMW
M5_F90_2018_2023,bmw,BMW
X1_F48_2016_2019,bmw,BMW
X1_F48_2020_2022,bmw,BMW
X1_U11_2023_2024,bmw,BMW
X2_F39_2018_2023,bmw,BMW
X3_G01_2018_2021,bmw,BMW
X3_G01_2022_2024,bmw,BMW
X4_F26_2015_2018,bmw,BMW
X4_G02_2019_2021,bmw,BMW
X4_G02_2022_2025,bmw,BMW
X5_F15_2014_2018,bmw,BMW
X5_G05_2019_2023,bmw,BMW
X5_G05_2024_2025,bmw,BMW
X6_F16_2015_2019,bmw,BMW
X6_G06_2020_2023,bmw,BMW
X6_G06_2024_2025,bmw,BMW
X7_G07_2019_2022,bmw,BMW
X7_G07_2023_2025,bmw,BMW
Z4_G29_2019_2025,bmw,BMW
718_박스터_2017_2024,포르쉐,기타 독일차
718_카이맨_2017_2024,포르쉐,기타 독일차
911_992_2020_2024,포르쉐,기타 독일차
911_2003_2019,포르쉐,기타 독일차
마칸_2014_2018,포르쉐,기타 독일차
마칸_2019_2021,포르쉐,기타 독일차
마칸_2022_2024,포르쉐,기타 독일차
박스터_718_2017_2024,포르쉐,기타 독일차
카이엔_PO536_2019_2023,포르쉐,기타 독일차
타이칸_2021_2025,포르쉐,기타 독일차
파나메라_971_2017_2023,포르쉐,기타 독일차
파나메라_2010_2016,포르쉐,기타 독일차
뉴_카이엔_2011_2018,포르쉐,기타 독일차
2008_2015_2017,푸조,기타
3008_2세대_2018_2023,푸조,기타
5008_2세대_2018_2019,푸조,기타
5008_2세대_2021_2024,푸조,기타
A_클래스_W176_2015_2018,벤츠,벤츠
A_클래스_W177_2020_2025,벤츠,벤츠
AMG_GT_2016_2024,벤츠,벤츠
B_클래스_W246_2013_2018,벤츠,벤츠
C_클래스_W204_2008_2015,벤츠,벤츠
C_클래스_W205_2015_2021,벤츠,벤츠
C_클래스_W206_2022_2024,벤츠,벤츠
CLA_클래스_C117_2014_2019,벤츠,벤츠
CLA_클래스_C118_2020_2025,벤츠,벤츠
CLE_클래스_C236_2024_2025,벤츠,벤츠
CLS_클래스_C257_2019_2023,벤츠,벤츠
CLS_클래스_W218_2012_2017,벤츠,벤츠
E_클래스_W212_2010_2016,벤츠,벤츠
E_클래스_W213_2017_2020,벤츠,벤츠
E_클래스_W213_2021_2023,벤츠,벤츠
E_클래스_W214_2024_2025,벤츠,벤츠
EQA_H243_2021_2024,벤츠,벤츠
EQE_V295_2022_2024,벤츠,벤츠
EQS_V297_2022_2023,벤츠,벤츠
G_클래스_W463_2009_2017,벤츠,벤츠
G_클래스_W463b_2019_2025,벤츠,벤츠
GLA_클래스_H247_2020_2025,벤츠,벤츠
GLA_클래스_X156_2015_2019,벤츠,벤츠
GLB_클래스_X247_2020_2023,벤츠,벤츠
GLC_클래스_X253_2017_2019,벤츠,벤츠
GLC_클래스_X253_2020_2022,벤츠,벤츠
GLC_클래스_X253_2023,벤츠,벤츠
GLC_클래스_X254_2023_2025,벤츠,벤츠
GLE_클래스_W166_2016_2018,벤츠,벤츠
GLE_클래스_W167_2019_2024,벤츠,벤츠
GLS_클래스_X166_2017_2019,벤츠,벤츠
GLS_클래스_X167_2020_2024,벤츠,벤츠
S_클래스_W221_2006_2013,벤츠,벤츠
S_클래스_W222_2014_2020,벤츠,벤츠
S_클래스_W223_2021_2025,벤츠,벤츠
A4_B9_2016_2019,아우디,기타 독일차
A4_B9_2020_2024,아우디,기타 독일차
A5_F5_2019_2024,아우디,기타 독일차
A6_C8_2019_2025,아우디,기타 독일차
A7_4K_2020_2024,아우디,기타 독일차
A7_2012_2016,아우디,기타 독일차
A8_D5_2018_2023,아우디,기타 독일차
e_트론_2020_2023,아우디,기타 독일차
Q3_F3_2020_2024,아우디,기타 독일차
Q5_FY_2020,아우디,기타 독일차
Q5_FY_2021_2024,아우디,기타 독일차
Q7_4M_2016_2019,아우디,기타 독일차
Q7_4M_2020_2023,아우디,기타 독일차
Q8_4M_2020_2025,아우디,기타 독일차
뉴_A6_2012_2014,아우디,기타 독일차
뉴_A6_2015_2018,아우디,기타 독일차
CT6_2016_2018,캐딜락,미국
에스컬레이드_5세대_2021_2024,캐딜락,미국
에스컬레이드_2015_2020,캐딜락,미국
E_PACE_2018_2020,재규어,유럽 프리미엄
F_PACE_2017_2019,재규어,유럽 프리미엄
New_XF_2012_2015,재규어,유럽 프리미엄
XE_2016_2019,재규어,유럽 프리미엄
XF_X260_2016_2020,재규어,유럽 프리미엄
XJ_8세대_2010_2019,재규어,유럽 프리미엄
All_New_XJ_2016_2019,재규어,유럽 프리미엄
i30_PD_2017_2018,현대,현대
LF_쏘나타_2015_2017,현대,현대
YF쏘나타_2009_2012,현대,현대
YF쏘나타_하이브리드_2011_2015,현대,현대
그랜드_스타렉스_2016_2018,현대,현대
그랜저_GN7_2023_2025,현대,현대
그랜저_HG_2011_2014,현대,현대
그랜저_HG_2015_2017,현대,현대
그랜저_IG_2017_2019,현대,현대
그랜저TG_2007_2008,현대,현대
넥쏘_2018_2024,현대,현대
더_뉴_그랜드_스타렉스_2018_2021,현대,현대
더_뉴_그랜저_IG_2020_2023,현대,현대
더_뉴_맥스크루즈_2016_2018,현대,현대
더_뉴_싼타페_2021_2023,현대,현대
더_뉴_아반떼_2014_2016,현대,현대
더_뉴_아반떼_AD_2019_2020,현대,현대
더_뉴_아반떼_CN7_2023_2025,현대,현대
더_뉴_아이오닉_하이브리드_2020,현대,현대
더_뉴_코나_2021_2023,현대,현대
더_뉴_투싼_NX4_2023_2025,현대,현대
더_뉴_팰리세이드_2023_2024,현대,현대
더_올뉴G80_2021_2024,현대,현대
더_올뉴투싼_하이브리드_2021_2023,현대,현대
디_올뉴그랜저_2023_2025,현대,현대
디_올뉴싼타페_2024_2025,현대,현대
디_올뉴코나_2023_2025,현대,현대
베뉴_2020_2024,현대,현대
벨로스터_JS_2018_2020,현대,현대
스타리아_2022_2025,현대,현대
싼타페_MX5_2024_2025,현대,현대
싼타페_TM_2019_2020,현대,현대
싼타페_더_프라임_2016_2018,현대,현대
쏘나타_DN8_2020_2023,현대,현대
쏘나타_뉴_라이즈_2018_2019,현대,현대
쏘나타_디_엣지_DN8_2024_2025,현대,현대
쏘렌토_4세대_2021_2023,현대,현대
아반떼_AD_2016_2018,현대,현대
아반떼_CN7_2021_2023,현대,현대
아반떼_MD_2011_2014,현대,현대
아반떼_N_2022_2023,현대,현대
아반떼_하이브리드_CN7_2021_2023,현대,현대
아슬란_2015_2018,현대,현대
아이오닉_하이브리드_2016_2019,현대,현대
아이오닉5_2022_2023,현대,현대
아이오닉6_2023_2025,현대,현대
에쿠스_신형_2010_2015,현대,현대
엑센트_신형_2011_2019,현대,현대
올_뉴_투싼_TL_2016_2018,현대,현대
올_뉴_투싼_TL_2019_2020,현대,현대
캐스퍼_2022_2024,현대,현대
코나_2018_2020,현대,현대
코나_SX2_2023_2025,현대,현대
투싼_NX4_2021_2023,현대,현대
팰리세이드_2019_2022,현대,현대
팰리세이드_LX3_2025,현대,현대
제네시스_DH_2014_2016,제네시스,제네시스
뉴_G80_2025_2026,제네시스,제네시스
뉴_GV80_2024_2025,제네시스,제네시스
더_뉴_G70_2021_2025,제네시스,제네시스
EQ900_2016_2018,제네시스,제네시스
G70_2018_2020,제네시스,제네시스
G80_2017_2020,제네시스,제네시스
G80_RG3_2021_2023,제네시스,제네시스
G80_RG3_2025,제네시스,제네시스
G90_2019_2022,제네시스,제네시스
G90_RS4_2022_2025,제네시스,제네시스
GV70_2021_2023,제네시스,제네시스
GV80_2020_2022,제네시스,제네시스
GV80_2024_2025,제네시스,제네시스
일렉트리파이드_GV70_2022_2024,제네시스,제네시스
ES300h_7세대_2019_2026,렉서스,일본/프랑스
UX250h_2019_2024,렉서스,일본/프랑스
뉴_ES300h_2013_2015,렉서스,일본/프랑스
뉴_ES300h_2016_2018,렉서스,일본/프랑스
EV6_2022_2024,기아,기아
EV9_2024_2025,기아,기아
K3_2013_2015,기아,기아
K5_2세대_2016_2018,기아,기아
K5_3세대_2020_2023,기아,기아
K5_3세대_하이브리드_2020_2022,기아,기아
K5_하이브리드_3세대_2020_2023,기아,기아
K7_프리미어_2020_2021,기아,기아
K7_프리미어_하이브리드_2020_2021,기아,기아
K8_2022_2024,기아,기아
K8_하이브리드_2022_2024,기아,기아
그랜드카니발_2006_2010,기아,기아
뉴쏘렌토_R_2013_2014,기아,기아
니로_2017_2019,기아,기아
더_K9_2019_2021,기아,기아
더_기아_레이_EV_2024_2025,기아,기아
더_뉴_K3_2세대_2022_2024,기아,기아
더_뉴_K3_2016_2018,기아,기아
더_뉴_K5_2세대_2019_2020,기아,기아
더_뉴_K5_3세대_2024_2025,기아,기아
더_뉴_K5_하이브리드_3세대_2023_2025,기아,기아
더_뉴_K7_2013_2016,기아,기아
더_뉴_K9_2세대_2022_2025,기아,기아
더_뉴_기아_레이_2022_2025,기아,기아
더_뉴_니로_2020_2022,기아,기아
더_뉴_레이_2018_2022,기아,기아
더_뉴_모닝_2015_2016,기아,기아
더_뉴_모닝_JA_2024_2025,기아,기아
더_뉴_모하비_2017_2019,기아,기아
더_뉴_셀토스_2023_2025,기아,기아
더_뉴_쏘렌토_4세대_2024_2025,기아,기아
더_뉴_쏘렌토_2018_2020,기아,기아
더_뉴_카니발_4세대_2024_2025,기아,기아
더_뉴_카니발_2019_2020,기아,기아
더_뉴스포티지R_2014_2016,기아,기아
디_올_뉴_니로_2022_2025,기아,기아
디_올_뉴_스포티지_2022_2024,기아,기아
디_올뉴니로_2022_2025,기아,기아
디_올뉴니로EV_2023_2024,기아,기아
레이_2012_2017,기아,기아
모닝_어반_JA_2021_2023,기아,기아
모하비_더_마스터_2020_2024,기아,기아
셀토스_2020_2023,기아,기아
스토닉_2018_2020,기아,기아
스팅어_2018_2020,기아,기아
스팅어_마이스터_2021_2023,기아,기아
스포티지_4세대_2016_2018,기아,기아
스포티지_5세대_2022_2024,기아,기아
스포티지_더_볼드_2019_2022,기아,기아
올_뉴_K3_2019_2021,기아,기아
올_뉴_K7_2016_2019,기아,기아
올_뉴_K7_하이브리드_2017_2019,기아,기아
올_뉴_모닝_2012_2015,기아,기아
올_뉴_모닝_JA_2017_2020,기아,기아
올_뉴_쏘렌토_2015_2017,기아,기아
올_뉴_카니발_2015_2019,기아,기아
카니발_4세대_2021,기아,기아
카니발_4세대_2022_2023,기아,기아
F150_2004_2021,포드,미국
머스탱_2015_2023,포드,미국
몬데오_4세대_2015_2020,포드,미국
익스플로러_6세대_2020_2025,포드,미국
익스플로러_2016_2017,포드,미국
익스플로러_2018_2019,포드,미국
MKC_2015_2018,링컨,미국
뉴_MKZ_2017_2020,링컨,미국
에비에이터_2세대_2020_2025,링컨,미국
컨티넨탈_10세대_2017_2019,링컨,미국
코세어_2020_2022,링컨,미국
Q30_2017_2019,인피니티,일본/프랑스
Q50_2014_2017,인피니티,일본/프랑스
QM3_2014_2017,르노삼성,일본/프랑스
QM6_2017_2019,르노삼성,일본/프랑스
QX60_2016_2018,르노삼성,일본/프랑스
SM3_네오_2015_2019,르노삼성,일본/프랑스
SM5_노바_2015_2019,르노삼성,일본/프랑스
SM6_2016_2020,르노삼성,일본/프랑스
SM7_노바_2015_2019,르노삼성,일본/프랑스
SM7_뉴아트_2008_2011,르노삼성,일본/프랑스
XM3_2020_2023,르노삼성,일본/프랑스
XM3_2024,르노삼성,일본/프랑스
그랑_콜레오스_2025,르노삼성,일본/프랑스
뉴_QM5_2012_2014,르노삼성,일본/프랑스
뉴_QM6_2021_2023,르노삼성,일본/프랑스
뉴_SM5_임프레션_2008_2010,르노삼성,일본/프랑스
뉴_SM5_플래티넘_2013_2014,르노삼성,일본/프랑스
뉴QM3_2018_2019,르노삼성,일본/프랑스
더_뉴_QM6_2020_2023,르노삼성,일본/프랑스
더_뉴_QM6_2024_2025,르노삼성,일본/프랑스
더_뉴_SM6_2021_2024,르노삼성,일본/프랑스
RAV4_5세대_2019_2024,토요타,일본/프랑스
RAV4_2016_2018,토요타,일본/프랑스
라브4_4세대_2013_2018,토요타,일본/프랑스
라브4_5세대_2019_2024,토요타,일본/프랑스
시에나_4세대_2021_2024,토요타,일본/프랑스
캠리_XV70_2018_2024,토요타,일본/프랑스
프리우스_4세대_2016_2018,토요타,일본/프랑스
프리우스_4세대_2019_2022,토요타,일본/프랑스
프리우스_C_2018_2020,토요타,일본/프랑스
S60_3세대_2020_2024,볼보,유럽 프리미엄
S90_2017_2020,볼보,유럽 프리미엄
S90_2021_2025,볼보,유럽 프리미엄
V40_2015_2018,볼보,유럽 프리미엄
V60_크로스컨트리_2세대_2020_2025,볼보,유럽 프리미엄
V90_크로스컨트리_2018_2024,볼보,유럽 프리미엄
XC40_2019_2022,볼보,유럽 프리미엄
XC60_2세대_2018_2021,볼보,유럽 프리미엄
XC60_2세대_2022_2025,볼보,유럽 프리미엄
XC90_2세대_2017_2019,볼보,유럽 프리미엄
XC90_2세대_2020_2025,볼보,유럽 프리미엄
골프_7세대_2013_2016,폭스바겐,기타 독일차
뉴_CC_2012_2016,폭스바겐,기타 독일차
뉴_제타_2011_2016,폭스바겐,기타 독일차
뉴_티구안_2012_2016,폭스바겐,기타 독일차
더_뉴_파사트_2012_2019,폭스바겐,기타 독일차
아테온_2018_2023,폭스바겐,기타 독일차
투아렉_3세대_2020_2023,폭스바겐,기타 독일차
티구안_올스페이스_2018_2023,폭스바겐,기타 독일차
파사트_GT_B8_2018_2022,폭스바겐,기타 독일차
그랜드_체로키_2014_2020,jeep,미국
그랜드_체로키_WL_2021_2023,jeep,미국
글래디에이터_JT_2020_2023,jeep,미국
랭글러_JK_2009_2017,jeep,미국
랭글러_JL_2018_2024,jeep,미국
레니게이드_2015_2017,jeep,미국
레니게이드_2019_2023,jeep,미국
체로키_KL_2019_2023,jeep,미국
컴패스_2세대_2018_2022,jeep,미국
기블리_2014_2023,마세라티,유럽 프리미엄
르반떼_2017_2022,마세라티,유럽 프리미엄
콰트로포르테_2014_2016,마세라티,유럽 프리미엄
콰트로포르테_2017_2022,마세라티,유럽 프리미엄
뉴_스타일_코란도_C_2017_2019,쌍용,기타
뉴_체어맨_W_2012_2016,쌍용,기타
G4_렉스턴_2018_2020,쌍용,기타
더_뉴_렉스턴_스포츠_2021_2025,쌍용,기타
더_뉴_렉스턴_스포츠_칸_2021_2025,쌍용,기타
더_뉴_코란도_스포츠_2016_2018,쌍용,기타
렉스턴_스포츠_2018_2021,쌍용,기타
렉스턴_스포츠_칸_2019_2020,쌍용,기타
베리_뉴_티볼리_2020_2023,쌍용,기타
뷰티풀_코란도_2019_2024,쌍용,기타
올_뉴_렉스턴_2021_2025,쌍용,기타
티볼리_2015_2018,쌍용,기타
티볼리_아머_2018_2019,쌍용,기타
티볼리_에어_2016_2019,쌍용,기타
티볼리_에어_2021_2022,쌍용,기타
액티언_2세대_2025,쌍용,기타
토레스_2023_2025,쌍용,기타
더_넥스트_스파크_2016_2018,쉐보레,미국
더_뉴_말리부_2019_2022,쉐보레,미국
더_뉴_스파크_2019_2022,쉐보레,미국
더_뉴_트랙스_2017_2022,쉐보레,미국
리얼_뉴_콜로라도_2021_2022,쉐보레,미국
말리부_2012_2016,쉐보레,미국
스파크_2012_2015,쉐보레,미국
아베오_2012_2016,쉐보레,미국
올_뉴_말리부_2017_2018,쉐보레,미국
올_뉴_카마로_2017_2018,쉐보레,미국
올란도_2012_2018,쉐보레,미국
임팔라_2016_2019,쉐보레,미국
콜로라도_2020_2020,쉐보레,미국
트래버스_2020_2023,쉐보레,미국
트랙스_2013_2016,쉐보레,미국
트랙스_크로스오버_2024_2025,쉐보레,미국
트레일블레이저_2021_2022,쉐보레,미국
트레일블레이저_2023,쉐보레,미국
디펜더_L663_2020_2025,렌드로버,유럽 프리미엄
레인지로버_4세대_2014_2017,렌드로버,유럽 프리미엄
레인지로버_4세대_2018_2022,렌드로버,유럽 프리미엄
레인지로버_5세대_2023_2024,렌드로버,유럽 프리미엄
레인지로버_벨라_2018_2019,렌드로버,유럽 프리미엄
레인지로버_스포츠_2세대_2013_2017,렌드로버,유럽 프리미엄
레인지로버_스포츠_2세대_2018_2022,렌드로버,유럽 프리미엄
레인지로버_이보크_2세대_2020_2022,렌드로버,유럽 프리미엄
레인지로버_이보크_2세대_2023_2024,렌드로버,유럽 프리미엄
레인지로버_이보크_2016_2019,렌드로버,유럽 프리미엄
디스커버리_4_2010_2016,렌드로버,유럽 프리미엄
디스커버리_5_2017_2020,렌드로버,유럽 프리미엄
디스커버리_5_2022_2024,렌드로버,유럽 프리미엄
디스커버리_스포츠_2세대_2020_2025,렌드로버,유럽 프리미엄
디스커버리_스포츠_2015_2019,렌드로버,유럽 프리미엄
모델_3_2019_2022,테슬라,미국
모델_3_2024_2025,테슬라,미국
모델_Y_2021_2025,테슬라,미국
알티마_2017_2018,닛산,일본/프랑스
어코드_10세대_2018_2022,혼다,일본/프랑스
파일럿_3세대_2016_2018,혼다,일본/프랑스
컨티넨탈_GT_2세대_2012_2017,벤틀리,유럽 프리미엄
컨티넨탈_GT_3세대_2018_2023,벤틀리,유럽 프리미엄
쿠퍼_컨버터블_2016_2024,미니쿠페,기타 독일차
쿠퍼_컨트리맨_2012_2015,미니쿠페,기타 독일차
쿠퍼_컨트리맨_2016_2024,미니쿠페,기타 독일차
쿠퍼_클럽맨_2016_2024,미니쿠페,기타 독일차
